,radius,conc,steps seeds,steps walkers,fractal dimension
0,1,0.040004000000000005,0.5,1.125,2.5047
1,1,0.040004000000000005,0.5,1.75,2.4718
2,1,0.040004000000000005,0.5,2.375,2.4391
3,1,0.040004000000000005,0.5,3.0,2.4084
4,1,0.040004000000000005,1.125,0.5,2.4938
5,1,0.040004000000000005,1.125,1.125,2.4782
6,1,0.040004000000000005,1.125,1.75,2.4552
7,1,0.040004000000000005,1.125,2.375,2.4239
8,1,0.040004000000000005,1.125,3.0,2.4016
9,1,0.040004000000000005,1.75,0.5,2.4559
10,1,0.040004000000000005,1.75,1.125,2.4459
11,1,0.040004000000000005,1.75,1.75,2.4292
12,1,0.040004000000000005,1.75,2.375,2.4072
13,1,0.040004000000000005,1.75,3.0,2.384
14,1,0.040004000000000005,2.375,0.5,2.4188
15,1,0.040004000000000005,2.375,1.125,2.4136
16,1,0.040004000000000005,2.375,1.75,2.4023
17,1,0.040004000000000005,2.375,2.375,2.3832
18,1,0.040004000000000005,2.375,3.0,2.3694
19,1,0.040004000000000005,3.0,0.5,2.3878
20,1,0.040004000000000005,3.0,1.125,2.3863
21,1,0.040004000000000005,3.0,1.75,2.3742
22,1,0.040004000000000005,3.0,2.375,2.3680000000000003
23,1,0.040004000000000005,3.0,3.0,2.3509
24,1,0.054997000000000004,0.5,0.5,2.6167
25,1,0.054997000000000004,0.5,1.125,2.5913
26,1,0.054997000000000004,0.5,1.75,2.5581
27,1,0.054997000000000004,0.5,2.375,2.5261
28,1,0.054997000000000004,0.5,3.0,2.4934
29,1,0.054997000000000004,1.125,0.5,2.5789
30,1,0.054997000000000004,1.125,1.125,2.5639999999999996
31,1,0.054997000000000004,1.125,1.75,2.5399
32,1,0.054997000000000004,1.125,2.375,2.5106
33,1,0.054997000000000004,1.125,3.0,2.4879
34,1,0.054997000000000004,1.75,0.5,2.5422
35,1,0.054997000000000004,1.75,1.125,2.5289
36,1,0.054997000000000004,1.75,1.75,2.5115
37,1,0.054997000000000004,1.75,2.375,2.4937
38,1,0.054997000000000004,1.75,3.0,2.4718
39,1,0.054997000000000004,2.375,0.5,2.5054
40,1,0.054997000000000004,2.375,1.125,2.5012
41,1,0.054997000000000004,2.375,1.75,2.4858
42,1,0.054997000000000004,2.375,2.375,2.4705
43,1,0.054997000000000004,2.375,3.0,2.4551
44,1,0.054997000000000004,3.0,0.5,2.4693
45,1,0.054997000000000004,3.0,1.125,2.4653
46,1,0.054997000000000004,3.0,1.75,2.4612
47,1,0.054997000000000004,3.0,2.375,2.4479
48,1,0.054997000000000004,3.0,3.0,2.4356
49,1,0.069999,0.5,0.5,2.6779
50,1,0.069999,0.5,1.125,2.6531
51,1,0.069999,0.5,1.75,2.6219
52,1,0.069999,0.5,2.375,2.5881
53,1,0.069999,0.5,3.0,2.5556
54,1,0.069999,1.125,0.5,2.6398
55,1,0.069999,1.125,1.125,2.6260000000000003
56,1,0.069999,1.125,1.75,2.6017
57,1,0.069999,1.125,2.375,2.5773
58,1,0.069999,1.125,3.0,2.5474
59,1,0.069999,1.75,0.5,2.6015
60,1,0.069999,1.75,1.125,2.5913
61,1,0.069999,1.75,1.75,2.5764
62,1,0.069999,1.75,2.375,2.5555
63,1,0.069999,1.75,3.0,2.5339
64,1,0.069999,2.375,0.5,2.5661
65,1,0.069999,2.375,1.125,2.5610000000000004
66,1,0.069999,2.375,1.75,2.5482
67,1,0.069999,2.375,2.375,2.5396
68,1,0.069999,2.375,3.0,2.5144
69,1,0.069999,3.0,0.5,2.5255
70,1,0.069999,3.0,1.125,2.5261
71,1,0.069999,3.0,1.75,2.5224
72,1,0.069999,3.0,2.375,2.5107
73,1,0.069999,3.0,3.0,2.4985
74,1,0.085002,0.5,0.5,2.7234
75,1,0.085002,0.5,1.125,2.7018
76,1,0.085002,0.5,1.75,2.6724
77,1,0.085002,0.5,2.375,2.6392
78,1,0.085002,0.5,3.0,2.6055
79,1,0.085002,1.125,0.5,2.6853
80,1,0.085002,1.125,1.125,2.673
81,1,0.085002,1.125,1.75,2.6527
82,1,0.085002,1.125,2.375,2.625
83,1,0.085002,1.125,3.0,2.5982
84,1,0.085002,1.75,0.5,2.6476
85,1,0.085002,1.75,1.125,2.6417
86,1,0.085002,1.75,1.75,2.6251
87,1,0.085002,1.75,2.375,2.6041
88,1,0.085002,1.75,3.0,2.5832
89,1,0.085002,2.375,0.5,2.6127
90,1,0.085002,2.375,1.125,2.6055
91,1,0.085002,2.375,1.75,2.5981
92,1,0.085002,2.375,2.375,2.5825
93,1,0.085002,2.375,3.0,2.5672
94,1,0.085002,3.0,0.5,2.5761
95,1,0.085002,3.0,1.125,2.5732
96,1,0.085002,3.0,1.75,2.5743
97,1,0.085002,3.0,2.375,2.5626
98,1,0.085002,3.0,3.0,2.5484
99,1,0.1,0.5,0.5,2.7603
100,1,0.1,0.5,1.125,2.7388
101,1,0.1,0.5,1.75,2.7091
102,1,0.1,0.5,2.375,2.6775
103,1,0.1,0.5,3.0,2.6453
104,1,0.1,1.125,0.5,2.7214
105,1,0.1,1.125,1.125,2.7119
106,1,0.1,1.125,1.75,2.6894
107,1,0.1,1.125,2.375,2.6663
108,1,0.1,1.125,3.0,2.6372
109,1,0.1,1.75,0.5,2.688
110,1,0.1,1.75,1.125,2.6789
111,1,0.1,1.75,1.75,2.6643
112,1,0.1,1.75,2.375,2.6455
113,1,0.1,1.75,3.0,2.6219
114,1,0.1,2.375,0.5,2.6489999999999996
115,1,0.1,2.375,1.125,2.6406
116,1,0.1,2.375,1.75,2.6341
117,1,0.1,2.375,2.375,2.6245
118,1,0.1,2.375,3.0,2.6059
119,1,0.1,3.0,0.5,2.6142
120,1,0.1,3.0,1.125,2.6163
121,1,0.1,3.0,1.75,2.6065
122,1,0.1,3.0,2.375,2.5974
123,1,0.1,3.0,3.0,2.5883
124,2,0.040034,0.5,0.5,2.5261
125,2,0.040034,0.5,1.125,2.4958
126,2,0.040034,0.5,1.75,2.4636
127,2,0.040034,0.5,2.375,2.4237
128,2,0.040034,0.5,3.0,2.3935
129,2,0.040034,1.125,0.5,2.4809
130,2,0.040034,1.125,1.125,2.4551
131,2,0.040034,1.125,1.75,2.4362
132,2,0.040034,1.125,2.375,2.4103
133,2,0.040034,1.125,3.0,2.383
134,2,0.040034,1.75,0.5,2.4219999999999997
135,2,0.040034,1.75,1.125,2.4136
136,2,0.040034,1.75,1.75,2.3961
137,2,0.040034,1.75,2.375,2.3823
138,2,0.040034,1.75,3.0,2.3642
139,2,0.040034,2.375,0.5,2.3815
140,2,0.040034,2.375,1.125,2.3789
141,2,0.040034,2.375,1.75,2.3626
142,2,0.040034,2.375,2.375,2.3503
143,2,0.040034,2.375,3.0,2.3297
144,2,0.040034,3.0,0.5,2.3445
145,2,0.040034,3.0,1.125,2.3353
146,2,0.040034,3.0,1.75,2.3279
147,2,0.040034,3.0,2.375,2.3211
148,2,0.040034,3.0,3.0,2.3109
149,2,0.054966999999999995,0.5,0.5,2.6072
150,2,0.054966999999999995,0.5,1.125,2.5915
151,2,0.054966999999999995,0.5,1.75,2.5497
152,2,0.054966999999999995,0.5,2.375,2.5177
153,2,0.054966999999999995,0.5,3.0,2.4844
154,2,0.054966999999999995,1.125,0.5,2.5654
155,2,0.054966999999999995,1.125,1.125,2.5437
156,2,0.054966999999999995,1.125,1.75,2.5206
157,2,0.054966999999999995,1.125,2.375,2.4984
158,2,0.054966999999999995,1.125,3.0,2.4678
159,2,0.054966999999999995,1.75,0.5,2.5108
160,2,0.054966999999999995,1.75,1.125,2.5149
161,2,0.054966999999999995,1.75,1.75,2.4978
162,2,0.054966999999999995,1.75,2.375,2.4782
163,2,0.054966999999999995,1.75,3.0,2.4545
164,2,0.054966999999999995,2.375,0.5,2.4819
165,2,0.054966999999999995,2.375,1.125,2.4724
166,2,0.054966999999999995,2.375,1.75,2.4612
167,2,0.054966999999999995,2.375,2.375,2.4471
168,2,0.054966999999999995,2.375,3.0,2.4348
169,2,0.054966999999999995,3.0,0.5,2.439
170,2,0.054966999999999995,3.0,1.125,2.4445
171,2,0.054966999999999995,3.0,1.75,2.4335
172,2,0.054966999999999995,3.0,2.375,2.4259
173,2,0.054966999999999995,3.0,3.0,2.4136
174,2,0.069979,0.5,0.5,2.6582
175,2,0.069979,0.5,1.125,2.6426
176,2,0.069979,0.5,1.75,2.6096
177,2,0.069979,0.5,2.375,2.5861
178,2,0.069979,0.5,3.0,2.56
179,2,0.069979,1.125,0.5,2.6296
180,2,0.069979,1.125,1.125,2.61
181,2,0.069979,1.125,1.75,2.5962
182,2,0.069979,1.125,2.375,2.57
183,2,0.069979,1.125,3.0,2.5411
184,2,0.069979,1.75,0.5,2.5873
185,2,0.069979,1.75,1.125,2.5707
186,2,0.069979,1.75,1.75,2.5627
187,2,0.069979,1.75,2.375,2.5485
188,2,0.069979,1.75,3.0,2.5292
189,2,0.069979,2.375,0.5,2.5466
190,2,0.069979,2.375,1.125,2.5353
191,2,0.069979,2.375,1.75,2.5346
192,2,0.069979,2.375,2.375,2.5206
193,2,0.069979,2.375,3.0,2.5068
194,2,0.069979,3.0,0.5,2.5214
195,2,0.069979,3.0,1.125,2.5097
196,2,0.069979,3.0,1.75,2.5013
197,2,0.069979,3.0,2.375,2.495
198,2,0.069979,3.0,3.0,2.4889
199,2,0.084992,0.5,0.5,2.6973
200,2,0.084992,0.5,1.125,2.6885
201,2,0.084992,0.5,1.75,2.6618
202,2,0.084992,0.5,2.375,2.6337
203,2,0.084992,0.5,3.0,2.6064
204,2,0.084992,1.125,0.5,2.675
205,2,0.084992,1.125,1.125,2.6646
206,2,0.084992,1.125,1.75,2.6409
207,2,0.084992,1.125,2.375,2.616
208,2,0.084992,1.125,3.0,2.5908
209,2,0.084992,1.75,0.5,2.6359
210,2,0.084992,1.75,1.125,2.6341
211,2,0.084992,1.75,1.75,2.6078
212,2,0.084992,1.75,2.375,2.592
213,2,0.084992,1.75,3.0,2.5751
214,2,0.084992,2.375,0.5,2.6066
215,2,0.084992,2.375,1.125,2.5987
216,2,0.084992,2.375,1.75,2.583
217,2,0.084992,2.375,2.375,2.5738
218,2,0.084992,2.375,3.0,2.5502
219,2,0.084992,3.0,0.5,2.5631
220,2,0.084992,3.0,1.125,2.5635
221,2,0.084992,3.0,1.75,2.5565
222,2,0.084992,3.0,2.375,2.551
223,2,0.084992,3.0,3.0,2.5364
224,2,0.1,0.5,0.5,2.7302
225,2,0.1,0.5,1.125,2.7177
226,2,0.1,0.5,1.75,2.6974
227,2,0.1,0.5,2.375,2.6704
228,2,0.1,0.5,3.0,2.6502
229,2,0.1,1.125,0.5,2.7034
230,2,0.1,1.125,1.125,2.6985
231,2,0.1,1.125,1.75,2.6758
232,2,0.1,1.125,2.375,2.6588
233,2,0.1,1.125,3.0,2.6418
234,2,0.1,1.75,0.5,2.6738
235,2,0.1,1.75,1.125,2.665
236,2,0.1,1.75,1.75,2.6556
237,2,0.1,1.75,2.375,2.641
238,2,0.1,1.75,3.0,2.6212
239,2,0.1,2.375,0.5,2.6395
240,2,0.1,2.375,1.125,2.6342
241,2,0.1,2.375,1.75,2.6297
242,2,0.1,2.375,2.375,2.6112
243,2,0.1,2.375,3.0,2.6047
244,2,0.1,3.0,0.5,2.6089
245,2,0.1,3.0,1.125,2.6077
246,2,0.1,3.0,1.75,2.6044
247,2,0.1,3.0,2.375,2.592
248,2,0.1,3.0,3.0,2.5785
249,3,0.039944,0.5,0.5,2.4446
250,3,0.039944,0.5,1.125,2.4271
251,3,0.039944,0.5,1.75,2.4187
252,3,0.039944,0.5,2.375,2.4043
253,3,0.039944,0.5,3.0,2.3735
254,3,0.039944,1.125,0.5,2.4105
255,3,0.039944,1.125,1.125,2.4073
256,3,0.039944,1.125,1.75,2.3867
257,3,0.039944,1.125,2.375,2.3574
258,3,0.039944,1.125,3.0,2.3398
259,3,0.039944,1.75,0.5,2.3687
260,3,0.039944,1.75,1.125,2.3654
261,3,0.039944,1.75,1.75,2.3537
262,3,0.039944,1.75,2.375,2.3366
263,3,0.039944,1.75,3.0,2.3174
264,3,0.039944,2.375,0.5,2.3189
265,3,0.039944,2.375,1.125,2.332
266,3,0.039944,2.375,1.75,2.3235
267,3,0.039944,2.375,2.375,2.3157
268,3,0.039944,2.375,3.0,2.3119
269,3,0.039944,3.0,0.5,2.2832
270,3,0.039944,3.0,1.125,2.2879
271,3,0.039944,3.0,1.75,2.2746
272,3,0.039944,3.0,2.375,2.2678
273,3,0.039944,3.0,3.0,2.2745
274,3,0.054957000000000006,0.5,0.5,2.5135
275,3,0.054957000000000006,0.5,1.125,2.4988
276,3,0.054957000000000006,0.5,1.75,2.5101
277,3,0.054957000000000006,0.5,2.375,2.4966
278,3,0.054957000000000006,0.5,3.0,2.4628
279,3,0.054957000000000006,1.125,0.5,2.4859999999999998
280,3,0.054957000000000006,1.125,1.125,2.5025
281,3,0.054957000000000006,1.125,1.75,2.4868
282,3,0.054957000000000006,1.125,2.375,2.4683
283,3,0.054957000000000006,1.125,3.0,2.4628
284,3,0.054957000000000006,1.75,0.5,2.4576
285,3,0.054957000000000006,1.75,1.125,2.4571
286,3,0.054957000000000006,1.75,1.75,2.4615
287,3,0.054957000000000006,1.75,2.375,2.437
288,3,0.054957000000000006,1.75,3.0,2.4327
289,3,0.054957000000000006,2.375,0.5,2.4091
290,3,0.054957000000000006,2.375,1.125,2.4246
291,3,0.054957000000000006,2.375,1.75,2.4301
292,3,0.054957000000000006,2.375,2.375,2.4114
293,3,0.054957000000000006,2.375,3.0,2.4108
294,3,0.054957000000000006,3.0,0.5,2.4041
295,3,0.054957000000000006,3.0,1.125,2.4024
296,3,0.054957000000000006,3.0,1.75,2.3925
297,3,0.054957000000000006,3.0,2.375,2.3867
298,3,0.054957000000000006,3.0,3.0,2.3803
299,3,0.06997,0.5,0.5,2.5865
300,3,0.06997,0.5,1.125,2.5689
301,3,0.06997,0.5,1.75,2.5639
302,3,0.06997,0.5,2.375,2.568
303,3,0.06997,0.5,3.0,2.5471
304,3,0.06997,1.125,0.5,2.5580000000000003
305,3,0.06997,1.125,1.125,2.5556
306,3,0.06997,1.125,1.75,2.5622
307,3,0.06997,1.125,2.375,2.5306
308,3,0.06997,1.125,3.0,2.5371
309,3,0.06997,1.75,0.5,2.5496
310,3,0.06997,1.75,1.125,2.544
311,3,0.06997,1.75,1.75,2.5241
312,3,0.06997,1.75,2.375,2.5218
313,3,0.06997,1.75,3.0,2.5145
314,3,0.06997,2.375,0.5,2.5147
315,3,0.06997,2.375,1.125,2.4976
316,3,0.06997,2.375,1.75,2.5072
317,3,0.06997,2.375,2.375,2.4999
318,3,0.06997,2.375,3.0,2.4699
319,3,0.06997,3.0,0.5,2.4948
320,3,0.06997,3.0,1.125,2.479
321,3,0.06997,3.0,1.75,2.4849
322,3,0.06997,3.0,2.375,2.4706
323,3,0.06997,3.0,3.0,2.4573
324,3,0.084982,0.5,0.5,2.6412
325,3,0.084982,0.5,1.125,2.6233
326,3,0.084982,0.5,1.75,2.6142
327,3,0.084982,0.5,2.375,2.6009
328,3,0.084982,0.5,3.0,2.5912
329,3,0.084982,1.125,0.5,2.6153
330,3,0.084982,1.125,1.125,2.6136
331,3,0.084982,1.125,1.75,2.6057
332,3,0.084982,1.125,2.375,2.6035
333,3,0.084982,1.125,3.0,2.5895
334,3,0.084982,1.75,0.5,2.6009
335,3,0.084982,1.75,1.125,2.5869999999999997
336,3,0.084982,1.75,1.75,2.5932
337,3,0.084982,1.75,2.375,2.5692
338,3,0.084982,1.75,3.0,2.5686
339,3,0.084982,2.375,0.5,2.562
340,3,0.084982,2.375,1.125,2.5649
341,3,0.084982,2.375,1.75,2.5696
342,3,0.084982,2.375,2.375,2.5580000000000003
343,3,0.084982,2.375,3.0,2.5343
344,3,0.084982,3.0,0.5,2.5426
345,3,0.084982,3.0,1.125,2.5334
346,3,0.084982,3.0,1.75,2.5492
347,3,0.084982,3.0,2.375,2.5182
348,3,0.084982,3.0,3.0,2.5343
349,3,0.099995,0.5,0.5,2.6725
350,3,0.099995,0.5,1.125,2.6612
351,3,0.099995,0.5,1.75,2.6574
352,3,0.099995,0.5,2.375,2.645
353,3,0.099995,0.5,3.0,2.6269
354,3,0.099995,1.125,0.5,2.6602
355,3,0.099995,1.125,1.125,2.6551
356,3,0.099995,1.125,1.75,2.6559
357,3,0.099995,1.125,2.375,2.6398
358,3,0.099995,1.125,3.0,2.6193
359,3,0.099995,1.75,0.5,2.6389
360,3,0.099995,1.75,1.125,2.6278
361,3,0.099995,1.75,1.75,2.6310000000000002
362,3,0.099995,1.75,2.375,2.6289
363,3,0.099995,1.75,3.0,2.6017
364,3,0.099995,2.375,0.5,2.6102
365,3,0.099995,2.375,1.125,2.6128
366,3,0.099995,2.375,1.75,2.597
367,3,0.099995,2.375,2.375,2.5912
368,3,0.099995,2.375,3.0,2.5872
369,3,0.099995,3.0,0.5,2.5842
370,3,0.099995,3.0,1.125,2.5839
371,3,0.099995,3.0,1.75,2.5796
372,3,0.099995,3.0,2.375,2.5785
373,3,0.099995,3.0,3.0,2.5648
374,4,0.040034,0.5,0.5,2.4101
375,4,0.040034,0.5,1.125,2.3976
376,4,0.040034,0.5,1.75,2.4124
377,4,0.040034,0.5,2.375,2.4008
378,4,0.040034,0.5,3.0,2.4113
379,4,0.040034,1.125,0.5,2.391
380,4,0.040034,1.125,1.125,2.3817
381,4,0.040034,1.125,1.75,2.3717
382,4,0.040034,1.125,2.375,2.4033
383,4,0.040034,1.125,3.0,2.3708
384,4,0.040034,1.75,0.5,2.3677
385,4,0.040034,1.75,1.125,2.352
386,4,0.040034,1.75,1.75,2.3565
387,4,0.040034,1.75,2.375,2.3492
388,4,0.040034,1.75,3.0,2.3241
389,4,0.040034,2.375,0.5,2.3221
390,4,0.040034,2.375,1.125,2.3009
391,4,0.040034,2.375,1.75,2.3071
392,4,0.040034,2.375,2.375,2.3147
393,4,0.040034,2.375,3.0,2.3033
394,4,0.040034,3.0,0.5,2.2407
395,4,0.040034,3.0,1.125,2.2215
396,4,0.040034,3.0,1.75,2.2659
397,4,0.040034,3.0,2.375,2.2516
398,4,0.040034,3.0,3.0,2.2355
399,4,0.055285,0.5,0.5,2.4998
400,4,0.055285,0.5,1.125,2.4746
401,4,0.055285,0.5,1.75,2.4751
402,4,0.055285,0.5,2.375,2.4659
403,4,0.055285,0.5,3.0,2.4819999999999998
404,4,0.055285,1.125,0.5,2.4715
405,4,0.055285,1.125,1.125,2.4638
406,4,0.055285,1.125,1.75,2.4675
407,4,0.055285,1.125,2.375,2.4675
408,4,0.055285,1.125,3.0,2.4772
409,4,0.055285,1.75,0.5,2.4287
410,4,0.055285,1.75,1.125,2.434
411,4,0.055285,1.75,1.75,2.4499
412,4,0.055285,1.75,2.375,2.4378
413,4,0.055285,1.75,3.0,2.4214
414,4,0.055285,2.375,0.5,2.4229
415,4,0.055285,2.375,1.125,2.3954
416,4,0.055285,2.375,1.75,2.387
417,4,0.055285,2.375,2.375,2.3782
418,4,0.055285,2.375,3.0,2.3932
419,4,0.055285,3.0,0.5,2.3611
420,4,0.055285,3.0,1.125,2.3437
421,4,0.055285,3.0,1.75,2.3978
422,4,0.055285,3.0,2.375,2.3708
423,4,0.055285,3.0,3.0,2.3755
424,4,0.0699,0.5,0.5,2.5502
425,4,0.0699,0.5,1.125,2.544
426,4,0.0699,0.5,1.75,2.5171
427,4,0.0699,0.5,2.375,2.5274
428,4,0.0699,0.5,3.0,2.5387
429,4,0.0699,1.125,0.5,2.519
430,4,0.0699,1.125,1.125,2.5106
431,4,0.0699,1.125,1.75,2.5293
432,4,0.0699,1.125,2.375,2.5541
433,4,0.0699,1.125,3.0,2.5032
434,4,0.0699,1.75,0.5,2.5169
435,4,0.0699,1.75,1.125,2.5139
436,4,0.0699,1.75,1.75,2.4857
437,4,0.0699,1.75,2.375,2.5196
438,4,0.0699,1.75,3.0,2.4916
439,4,0.0699,2.375,0.5,2.4765
440,4,0.0699,2.375,1.125,2.4761
441,4,0.0699,2.375,1.75,2.4575
442,4,0.0699,2.375,2.375,2.4685
443,4,0.0699,2.375,3.0,2.4749
444,4,0.0699,3.0,0.5,2.4557
445,4,0.0699,3.0,1.125,2.4618
446,4,0.0699,3.0,1.75,2.4688
447,4,0.0699,3.0,2.375,2.4398
448,4,0.0699,3.0,3.0,2.4324
449,4,0.085151,0.5,0.5,2.5798
450,4,0.085151,0.5,1.125,2.5917
451,4,0.085151,0.5,1.75,2.5823
452,4,0.085151,0.5,2.375,2.5688
453,4,0.085151,0.5,3.0,2.5751
454,4,0.085151,1.125,0.5,2.5867
455,4,0.085151,1.125,1.125,2.5784
456,4,0.085151,1.125,1.75,2.5811
457,4,0.085151,1.125,2.375,2.5703
458,4,0.085151,1.125,3.0,2.5744
459,4,0.085151,1.75,0.5,2.5968
460,4,0.085151,1.75,1.125,2.5892
461,4,0.085151,1.75,1.75,2.5641
462,4,0.085151,1.75,2.375,2.5696
463,4,0.085151,1.75,3.0,2.5701
464,4,0.085151,2.375,0.5,2.5369
465,4,0.085151,2.375,1.125,2.5704
466,4,0.085151,2.375,1.75,2.5281
467,4,0.085151,2.375,2.375,2.5340000000000003
468,4,0.085151,2.375,3.0,2.5192
469,4,0.085151,3.0,0.5,2.5192
470,4,0.085151,3.0,1.125,2.4987
471,4,0.085151,3.0,1.75,2.4961
472,4,0.085151,3.0,2.375,2.5202
473,4,0.085151,3.0,3.0,2.5013
474,4,0.099766,0.5,0.5,2.6201
475,4,0.099766,0.5,1.125,2.6344
476,4,0.099766,0.5,1.75,2.6281
477,4,0.099766,0.5,2.375,2.6276
478,4,0.099766,0.5,3.0,2.6198
479,4,0.099766,1.125,0.5,2.6094
480,4,0.099766,1.125,1.125,2.6181
481,4,0.099766,1.125,1.75,2.6147
482,4,0.099766,1.125,2.375,2.602
483,4,0.099766,1.125,3.0,2.6206
484,4,0.099766,1.75,0.5,2.6008
485,4,0.099766,1.75,1.125,2.5998
486,4,0.099766,1.75,1.75,2.5883
487,4,0.099766,1.75,2.375,2.6207
488,4,0.099766,1.75,3.0,2.6126
489,4,0.099766,2.375,0.5,2.5818
490,4,0.099766,2.375,1.125,2.5742
491,4,0.099766,2.375,1.75,2.5673
492,4,0.099766,2.375,2.375,2.5656
493,4,0.099766,2.375,3.0,2.5797
494,4,0.099766,3.0,0.5,2.5696
495,4,0.099766,3.0,1.125,2.5689
496,4,0.099766,3.0,1.75,2.546
497,4,0.099766,3.0,2.375,2.563
498,4,0.099766,3.0,3.0,2.559
499,5,0.039716,0.5,0.5,2.5714
500,5,0.039716,0.5,1.125,2.5438
501,5,0.039716,0.5,1.75,2.5829
502,5,0.039716,0.5,2.375,2.5619
503,5,0.039716,0.5,3.0,2.571
504,5,0.039716,1.125,0.5,2.5473
505,5,0.039716,1.125,1.125,2.5809
506,5,0.039716,1.125,1.75,2.5469999999999997
507,5,0.039716,1.125,2.375,2.5835
508,5,0.039716,1.125,3.0,2.5252
509,5,0.039716,1.75,0.5,2.5656
510,5,0.039716,1.75,1.125,2.5625
511,5,0.039716,1.75,1.75,2.5545
512,5,0.039716,1.75,2.375,2.5548
513,5,0.039716,1.75,3.0,2.5558
514,5,0.039716,2.375,0.5,2.5291
515,5,0.039716,2.375,1.125,2.4788
516,5,0.039716,2.375,1.75,2.5538
517,5,0.039716,2.375,2.375,2.5453
518,5,0.039716,2.375,3.0,2.5161
519,5,0.039716,3.0,0.5,2.5289
520,5,0.039716,3.0,1.125,2.4944
521,5,0.039716,3.0,1.75,2.47
522,5,0.039716,3.0,2.375,2.5302
523,5,0.039716,3.0,3.0,2.5148
524,5,0.054609000000000005,0.5,0.5,2.5516
525,5,0.054609000000000005,0.5,1.125,2.5764
526,5,0.054609000000000005,0.5,1.75,2.5647
527,5,0.054609000000000005,0.5,2.375,2.5627
528,5,0.054609000000000005,0.5,3.0,2.5533
529,5,0.054609000000000005,1.125,0.5,2.5581
530,5,0.054609000000000005,1.125,1.125,2.5607
531,5,0.054609000000000005,1.125,1.75,2.5675
532,5,0.054609000000000005,1.125,2.375,2.5508
533,5,0.054609000000000005,1.125,3.0,2.5755
534,5,0.054609000000000005,1.75,0.5,2.5403
535,5,0.054609000000000005,1.75,1.125,2.5209
536,5,0.054609000000000005,1.75,1.75,2.5494
537,5,0.054609000000000005,1.75,2.375,2.5533
538,5,0.054609000000000005,1.75,3.0,2.5452
539,5,0.054609000000000005,2.375,0.5,2.5099
540,5,0.054609000000000005,2.375,1.125,2.5168
541,5,0.054609000000000005,2.375,1.75,2.5338
542,5,0.054609000000000005,2.375,2.375,2.5236
543,5,0.054609000000000005,2.375,3.0,2.5341
544,5,0.054609000000000005,3.0,0.5,2.4789
545,5,0.054609000000000005,3.0,1.125,2.4984
546,5,0.054609000000000005,3.0,1.75,2.5098
547,5,0.054609000000000005,3.0,2.375,2.4767
548,5,0.054609000000000005,3.0,3.0,2.5096
549,5,0.069503,0.5,0.5,2.5813
550,5,0.069503,0.5,1.125,2.5738
551,5,0.069503,0.5,1.75,2.5661
552,5,0.069503,0.5,2.375,2.5868
553,5,0.069503,0.5,3.0,2.5786
554,5,0.069503,1.125,0.5,2.5659
555,5,0.069503,1.125,1.125,2.5764
556,5,0.069503,1.125,1.75,2.5644
557,5,0.069503,1.125,2.375,2.5639999999999996
558,5,0.069503,1.125,3.0,2.5624
559,5,0.069503,1.75,0.5,2.5446
560,5,0.069503,1.75,1.125,2.5423
561,5,0.069503,1.75,1.75,2.5488
562,5,0.069503,1.75,2.375,2.5567
563,5,0.069503,1.75,3.0,2.5616
564,5,0.069503,2.375,0.5,2.5107
565,5,0.069503,2.375,1.125,2.5228
566,5,0.069503,2.375,1.75,2.5607
567,5,0.069503,2.375,2.375,2.5154
568,5,0.069503,2.375,3.0,2.5488
569,5,0.069503,3.0,0.5,2.5257
570,5,0.069503,3.0,1.125,2.4859
571,5,0.069503,3.0,1.75,2.4816
572,5,0.069503,3.0,2.375,2.479
573,5,0.069503,3.0,3.0,2.4869
574,5,0.084396,0.5,0.5,2.5799
575,5,0.084396,0.5,1.125,2.5617
576,5,0.084396,0.5,1.75,2.5688
577,5,0.084396,0.5,2.375,2.5899
578,5,0.084396,0.5,3.0,2.5872
579,5,0.084396,1.125,0.5,2.5547
580,5,0.084396,1.125,1.125,2.5692
581,5,0.084396,1.125,1.75,2.5819
582,5,0.084396,1.125,2.375,2.5557
583,5,0.084396,1.125,3.0,2.5595
584,5,0.084396,1.75,0.5,2.5599
585,5,0.084396,1.75,1.125,2.5647
586,5,0.084396,1.75,1.75,2.5835
587,5,0.084396,1.75,2.375,2.5512
588,5,0.084396,1.75,3.0,2.5447
589,5,0.084396,2.375,0.5,2.5158
590,5,0.084396,2.375,1.125,2.5212
591,5,0.084396,2.375,1.75,2.5343
592,5,0.084396,2.375,2.375,2.5122
593,5,0.084396,2.375,3.0,2.5292
594,5,0.084396,3.0,0.5,2.5014
595,5,0.084396,3.0,1.125,2.4747
596,5,0.084396,3.0,1.75,2.5112
597,5,0.084396,3.0,2.375,2.4969
598,5,0.084396,3.0,3.0,2.5183
599,5,0.10053,0.5,0.5,2.6036
600,5,0.10053,0.5,1.125,2.6157
601,5,0.10053,0.5,1.75,2.6013
602,5,0.10053,0.5,2.375,2.5896
603,5,0.10053,0.5,3.0,2.6091
604,5,0.10053,1.125,0.5,2.573
605,5,0.10053,1.125,1.125,2.6045
606,5,0.10053,1.125,1.75,2.5824
607,5,0.10053,1.125,2.375,2.6186
608,5,0.10053,1.125,3.0,2.5974
609,5,0.10053,1.75,0.5,2.6174
610,5,0.10053,1.75,1.125,2.6245
611,5,0.10053,1.75,1.75,2.5818
612,5,0.10053,1.75,2.375,2.5999
613,5,0.10053,1.75,3.0,2.5887
614,5,0.10053,2.375,0.5,2.5627
615,5,0.10053,2.375,1.125,2.5854
616,5,0.10053,2.375,1.75,2.5895
617,5,0.10053,2.375,2.375,2.5841
618,5,0.10053,2.375,3.0,2.5805
619,5,0.10053,3.0,0.5,2.5427
620,5,0.10053,3.0,1.125,2.5454
621,5,0.10053,3.0,1.75,2.542
622,5,0.10053,3.0,2.375,2.5538
623,5,0.10053,3.0,3.0,2.5544
